{"cameraMode":{"drawMode":0,"name":"Shaded","section":"Shading Mode"},"sceneLighting":true,"audioPlay":false,"sceneViewState":{"m_AlwaysRefresh":false,"showFog":true,"showSkybox":true,"showFlares":true,"showImageEffects":true,"showParticleSystems":true,"showVisualEffectGraphs":true,"m_FxEnabled":true},"in2DMode":false,"pivot":{"x":0.10398629307746887,"y":1.7455573081970215,"z":16.099246978759767},"rotation":{"x":-0.08981941640377045,"y":0.03614130616188049,"z":-0.003261336125433445,"w":-0.9953019022941589},"size":8.474355697631836,"orthographic":true}